name,testers,averageRating,rankingStDev,mapLink
Stonebinder's Familiar,1,2.8,0.0,/resources/cube-map/?cube=1a
Decisive Denial,3,2.733333333333333,0.20548046676563253,/resources/cube-map/?cube=
Lorehold Campus,3,2.6666666666666665,0.4714045207910317,/resources/cube-map/?cube=k3a
Quandrix Campus,3,2.6666666666666665,0.4714045207910317,/resources/cube-map/?cube=k3a
Prismari Campus,3,2.6666666666666665,0.4714045207910317,/resources/cube-map/?cube=k3a
Witherbloom Campus,3,2.6666666666666665,0.4714045207910317,/resources/cube-map/?cube=k3a
Silverquill Campus,3,2.6666666666666665,0.4714045207910317,/resources/cube-map/?cube=k3a
"Rootha, Mercurial Artist",1,2.6,0.0,/resources/cube-map/?cube=13x
Rip Apart,6,2.5833333333333335,0.3715582801601326,/resources/cube-map/?cube=380&cube=934
Frost Trickster,13,2.5384615384615383,0.4566406793740256,/resources/cube-map/?cube=ygq&cube=ijs&cube=380&cube=k3a&cube=934&cube=1nb&cube=eap&cube=13x
"Quintorius, Field Historian",3,2.533333333333333,0.4109609335312651,/resources/cube-map/?cube=vzd&cube=9c9
Symmetry Sage,1,2.5,0.0,/resources/cube-map/?cube=
Infuse with Vitality,1,2.5,0.0,/resources/cube-map/?cube=
Quandrix Pledgemage,1,2.5,0.0,/resources/cube-map/?cube=
Tend the Pests,1,2.5,0.0,/resources/cube-map/?cube=
Mage Duel,1,2.5,0.0,/resources/cube-map/?cube=
Mage Hunters' Onslaught,1,2.5,0.0,/resources/cube-map/?cube=k3a
Illustrious Historian,1,2.5,0.0,/resources/cube-map/?cube=9c9
Zephyr Boots,10,2.4400000000000004,0.4127953488110059,/resources/cube-map/?cube=ijs&cube=gok&cube=1a&cube=k3a&cube=934&cube=1nb&cube=13x
Reconstruct History,5,2.44,0.3261901286060018,/resources/cube-map/?cube=vzd&cube=9c9&cube=380
Expressive Iteration,4,2.4000000000000004,0.12247448713915883,/resources/cube-map/?cube=
Prismari Apprentice,1,2.4,0.0,/resources/cube-map/?cube=
Team Pennant,1,2.4,0.0,/resources/cube-map/?cube=
Elemental Masterpiece,2,2.4,0.10000000000000009,/resources/cube-map/?cube=1a&cube=k3a
Curate,8,2.3874999999999997,0.4675401052316261,/resources/cube-map/?cube=ygq&cube=gok&cube=380&cube=k3a&cube=3az&cube=13x
"Killian, Ink Duelist",9,2.377777777777778,0.5431958471813474,/resources/cube-map/?cube=lw&cube=ijs&cube=3az&cube=eap&cube=13x
Kelpie Guide,2,2.35,0.3500000000000001,/resources/cube-map/?cube=k3a
Teach by Example,2,2.3,0.30000000000000004,/resources/cube-map/?cube=ijs&cube=1a
Maelstrom Muse,1,2.3,0.0,/resources/cube-map/?cube=k3a
Exhilarating Elocution,1,2.3,0.0,/resources/cube-map/?cube=k3a
Fracture,1,2.3,0.0,/resources/cube-map/?cube=380
"Zimone, Quandrix Prodigy",5,2.2600000000000002,0.42708313008125237,/resources/cube-map/?cube=vzd&cube=ijs&cube=gok&cube=eap&cube=13x
Tenured Inkcaster,3,2.2333333333333334,0.20548046676563253,/resources/cube-map/?cube=vzd&cube=k3a
Master Symmetrist,4,2.2249999999999996,0.4602988159880491,/resources/cube-map/?cube=ijs&cube=380&cube=eap&cube=13x
Bookwurm,6,2.2166666666666663,0.43748015828022285,/resources/cube-map/?cube=1a&cube=380&cube=k3a&cube=3az&cube=13x
Mortality Spear,4,2.2,0.46368092477478523,/resources/cube-map/?cube=380
Quandrix Apprentice,4,2.2,0.412310562561766,/resources/cube-map/?cube=vzd&cube=1a
Letter of Acceptance,2,2.1500000000000004,0.55,/resources/cube-map/?cube=vzd&cube=13x
Witherbloom Apprentice,2,2.15,0.35,/resources/cube-map/?cube=380
Biblioplex Assistant,2,2.1,0.10000000000000009,/resources/cube-map/?cube=1a
Shadewing Laureate,1,2.1,0.0,/resources/cube-map/?cube=k3a
Umbral Juke,2,2.1,0.5,/resources/cube-map/?cube=380&cube=13x
Mage Hunter,2,2.05,0.44999999999999996,/resources/cube-map/?cube=380
Dueling Coach,1,2.0,0.0,/resources/cube-map/?cube=k3a
Show of Confidence,2,2.0,0.5,/resources/cube-map/?cube=ijs
Pest Summoning,1,2.0,0.0,/resources/cube-map/?cube=1a
Make Your Mark,1,2.0,0.0,/resources/cube-map/?cube=1a
First Day of Class,1,2.0,0.0,/resources/cube-map/?cube=1a
Clever Lumimancer,4,2.0,0.3535533905932738,/resources/cube-map/?cube=380
Aether Helix,1,2.0,0.0,/resources/cube-map/?cube=k3a
Thrilling Discovery,1,2.0,0.0,/resources/cube-map/?cube=9c9
Returned Pastcaller,1,2.0,0.0,/resources/cube-map/?cube=9c9
Pigment Storm,1,2.0,0.0,/resources/cube-map/?cube=k3a
Spirit Summoning,1,2.0,0.0,/resources/cube-map/?cube=1a
Devouring Tendrils,2,2.0,0.5,/resources/cube-map/?cube=
Eager First-Year,2,2.0,0.5,/resources/cube-map/?cube=1a
Bayou Groff,1,2.0,0.0,/resources/cube-map/?cube=1a
Study Break,1,2.0,0.0,/resources/cube-map/?cube=1a
Lorehold Pledgemage,2,2.0,0.5,/resources/cube-map/?cube=1a
Quandrix Cultivator,3,1.9333333333333333,0.09428090415820632,/resources/cube-map/?cube=eap&cube=13x
Lash of Malice,4,1.925,0.1299038105676658,/resources/cube-map/?cube=lw&cube=1a
Plumb the Forbidden,6,1.9166666666666667,0.6568020165079343,/resources/cube-map/?cube=vzd&cube=ijs&cube=380
Unwilling Ingredient,3,1.9000000000000001,0.5354126134736337,/resources/cube-map/?cube=ygq&cube=k3a&cube=13x
Lorehold Excavation,3,1.8666666666666665,0.26246692913372704,/resources/cube-map/?cube=lw&cube=9c9
Thunderous Orator,5,1.86,0.5851495535331118,/resources/cube-map/?cube=vzd&cube=380&cube=13x
Daemogoth Woe-Eater,3,1.8333333333333333,0.2624669291337271,/resources/cube-map/?cube=380&cube=13x
Flunk,3,1.8333333333333333,0.4496912521077348,/resources/cube-map/?cube=380&cube=13x
Storm-Kiln Artist,5,1.8199999999999998,0.6241794613730894,/resources/cube-map/?cube=gok&cube=k3a
Deadly Brew,7,1.8000000000000003,0.5070925528371099,/resources/cube-map/?cube=lw&cube=ijs&cube=1a&cube=380&cube=934
Closing Statement,2,1.7999999999999998,0.09999999999999998,/resources/cube-map/?cube=380
Pilgrim of the Ages,4,1.775,0.4548351349665063,/resources/cube-map/?cube=vzd&cube=k3a
Star Pupil,2,1.75,0.050000000000000044,/resources/cube-map/?cube=vzd&cube=k3a
Professor of Symbology,2,1.75,0.25,/resources/cube-map/?cube=9c9&cube=1a
Emergent Sequence,5,1.72,0.5114684741017769,/resources/cube-map/?cube=ygq&cube=380&cube=k3a&cube=13x
Spiteful Squad,2,1.65,0.35,/resources/cube-map/?cube=k3a
Humiliate,1,1.5,0.0,/resources/cube-map/?cube=eap
Introduction to Annihilation,1,1.5,0.0,/resources/cube-map/?cube=1a
Reflective Golem,1,1.5,0.0,/resources/cube-map/?cube=
Eyetwitch,1,1.5,0.0,/resources/cube-map/?cube=1a
Explosive Welcome,1,1.5,0.0,/resources/cube-map/?cube=k3a
Practical Research,1,1.5,0.0,/resources/cube-map/?cube=
Creative Outburst,2,1.5,0.0,/resources/cube-map/?cube=k3a
Necrotic Fumes,1,1.5,0.0,/resources/cube-map/?cube=1a
Introduction to Prophecy,1,1.5,0.0,/resources/cube-map/?cube=1a
Inkling Summoning,1,1.5,0.0,/resources/cube-map/?cube=1a
Brackish Trudge,2,1.5,0.5,/resources/cube-map/?cube=ygq&cube=1a
Sudden Breakthrough,1,1.5,0.0,/resources/cube-map/?cube=k3a
Essence Infusion,1,1.4,0.0,/resources/cube-map/?cube=k3a
Honor Troll,1,1.2,0.0,/resources/cube-map/?cube=ygq
Elemental Summoning,1,1.2,0.0,/resources/cube-map/?cube=1a
Professor of Zoomancy,1,1.2,0.0,/resources/cube-map/?cube=1a
Spell Satchel,1,1.0,0.0,/resources/cube-map/?cube=
Ardent Dustspeaker,1,1.0,0.0,/resources/cube-map/?cube=
Karok Wrangler,1,1.0,0.0,/resources/cube-map/?cube=
